solv_i_id,molefrac_i,T,ln_gamma_i,_source
solvent_32 / solvent_57 / solvent_13,0.2290 / 0.1750 / 0.5960,331.42,0.0181 / 0.2676 / 0.1492,kdb
solvent_32 / solvent_57 / solvent_13,0.2570 / 0.2100 / 0.5330,330.9,0.0120 / 0.1399 / 0.2210,kdb
solvent_32 / solvent_57 / solvent_13,0.2600 / 0.2760 / 0.4640,330.59,-0.0571 / 0.1716 / 0.2532,kdb
solvent_32 / solvent_57 / solvent_13,0.2620 / 0.3050 / 0.4330,330.8,-0.1281 / 0.171 / 0.2705,kdb
solvent_32 / solvent_57 / solvent_13,0.2690 / 0.3040 / 0.4270,330.88,-0.1327 / 0.1685 / 0.2695,kdb
solvent_32 / solvent_57 / solvent_13,0.2710 / 0.2780 / 0.4510,330.94,-0.0949 / 0.1761 / 0.2424,kdb
solvent_32 / solvent_57 / solvent_13,0.2720 / 0.2690 / 0.4590,330.92,-0.0902 / 0.1793 / 0.2415,kdb
solvent_32 / solvent_57 / solvent_13,0.2780 / 0.2770 / 0.4450,330.97,-0.1024 / 0.172 / 0.2477,kdb
solvent_32 / solvent_57 / solvent_13,0.2790 / 0.1880 / 0.5330,331.07,0.0378 / 0.1739 / 0.1779,kdb
solvent_32 / solvent_57 / solvent_13,0.2790 / 0.2780 / 0.4430,330.94,-0.0937 / 0.1694 / 0.2466,kdb
solvent_32 / solvent_57 / solvent_13,0.2790 / 0.2840 / 0.4370,330.84,-0.1053 / 0.168 / 0.262,kdb
solvent_32 / solvent_57 / solvent_13,0.2810 / 0.2940 / 0.4250,330.9,-0.1221 / 0.1542 / 0.2757,kdb
solvent_32 / solvent_57 / solvent_13,0.2820 / 0.3130 / 0.4050,330.85,-0.1511 / 0.1342 / 0.3118,kdb
solvent_32 / solvent_57 / solvent_13,0.2920 / 0.2940 / 0.4140,330.94,-0.1318 / 0.1301 / 0.298,kdb
solvent_32 / solvent_57 / solvent_13,0.2920 / 0.2040 / 0.5040,331.11,-0.0288 / 0.18 / 0.2052,kdb
solvent_32 / solvent_57 / solvent_13,0.2960 / 0.2050 / 0.4990,330.84,-0.0006 / 0.2019 / 0.1965,kdb
solvent_32 / solvent_57 / solvent_13,0.2970 / 0.2740 / 0.4290,331,-0.0932 / 0.1479 / 0.2576,kdb
solvent_32 / solvent_57 / solvent_13,0.3070 / 0.2030 / 0.4900,331.17,-0.0073 / 0.1693 / 0.188,kdb
solvent_32 / solvent_57 / solvent_13,0.3130 / 0.2160 / 0.4710,331.16,-0.0419 / 0.1211 / 0.2324,kdb
solvent_32 / solvent_57 / solvent_13,0.3150 / 0.2140 / 0.4710,331.02,-0.0218 / 0.1485 / 0.216,kdb
solvent_32 / solvent_57 / solvent_13,0.3160 / 0.2180 / 0.4660,331.04,-0.0411 / 0.0794 / 0.261,kdb
solvent_32 / solvent_57 / solvent_13,0.3180 / 0.2100 / 0.4720,331.09,-0.0276 / 0.1198 / 0.2287,kdb
solvent_32 / solvent_57 / solvent_13,0.3180 / 0.2520 / 0.4300,330.82,-0.0494 / 0.056 / 0.2996,kdb
solvent_32 / solvent_57 / solvent_13,0.3180 / 0.2420 / 0.4400,330.81,-0.0491 / 0.0927 / 0.2793,kdb
solvent_32 / solvent_57 / solvent_13,0.3190 / 0.2520 / 0.4290,330.81,-0.0649 / 0.0564 / 0.3114,kdb
solvent_32 / solvent_57 / solvent_13,0.3200 / 0.2450 / 0.4350,331.05,-0.0634 / 0.0888 / 0.2717,kdb
solvent_32 / solvent_57 / solvent_13,0.3320 / 0.2460 / 0.4220,331.06,-0.0727 / 0.0926 / 0.2762,kdb
solvent_32 / solvent_57 / solvent_13,0.3350 / 0.2280 / 0.4370,331.1,-0.0529 / 0.051 / 0.2787,kdb
solvent_32 / solvent_57 / solvent_13,0.3360 / 0.2470 / 0.4170,331.15,-0.0846 / 0.0896 / 0.2798,kdb
solvent_32 / solvent_57 / solvent_13,0.3380 / 0.2440 / 0.4180,331.15,-0.0815 / 0.052 / 0.2983,kdb
solvent_32 / solvent_57 / solvent_13,0.3380 / 0.2470 / 0.4150,331.17,-0.0882 / 0.0889 / 0.2814,kdb
solvent_32 / solvent_57 / solvent_13,0.3390 / 0.2470 / 0.4140,331.17,-0.0881 / 0.0889 / 0.2814,kdb
solvent_32 / solvent_57 / solvent_13,0.3400 / 0.2480 / 0.4120,331.13,-0.0897 / 0.0862 / 0.2879,kdb
solvent_32 / solvent_57 / solvent_13,0.3400 / 0.2410 / 0.4190,330.98,-0.0756 / 0.1239 / 0.2678,kdb
solvent_32 / solvent_57 / solvent_13,0.3430 / 0.2510 / 0.4060,331.12,-0.0801 / 0.0786 / 0.2863,kdb
solvent_32 / solvent_57 / solvent_13,0.3460 / 0.2410 / 0.4130,331,-0.0613 / 0.0479 / 0.2979,kdb
solvent_32 / solvent_57 / solvent_13,0.3460 / 0.2220 / 0.4320,331.03,-0.045 / 0.0662 / 0.2703,kdb
solvent_32 / solvent_57 / solvent_13,0.3530 / 0.2920 / 0.3550,331,-0.1168 / -0.0062 / 0.3962,kdb
solvent_32 / solvent_57 / solvent_13,0.3560 / 0.2420 / 0.4020,330.79,-0.054 / 0.0508 / 0.3098,kdb
solvent_32 / solvent_57 / solvent_13,0.3600 / 0.2300 / 0.4100,330.79,-0.0428 / 0.0841 / 0.2804,kdb
solvent_32 / solvent_57 / solvent_13,0.3610 / 0.2410 / 0.3980,331.01,-0.0586 / 0.0901 / 0.2715,kdb
solvent_32 / solvent_57 / solvent_13,0.3670 / 0.2830 / 0.3500,331.17,-0.1201 / 0.0269 / 0.363,kdb
solvent_32 / solvent_57 / solvent_13,0.3710 / 0.2330 / 0.3960,330.98,-0.0684 / 0.0424 / 0.3098,kdb
solvent_32 / solvent_57 / solvent_13,0.3720 / 0.2340 / 0.3940,331,-0.0555 / 0.0465 / 0.2945,kdb
solvent_32 / solvent_57 / solvent_13,0.3720 / 0.2230 / 0.4050,331.1,-0.0508 / 0.0777 / 0.2628,kdb
solvent_32 / solvent_57 / solvent_13,0.3790 / 0.3180 / 0.3030,331.23,-0.14 / -0.0122 / 0.4326,kdb
solvent_32 / solvent_57 / solvent_13,0.4100 / 0.2340 / 0.3560,330.81,-0.0539 / 0.0209 / 0.3294,kdb
solvent_32 / solvent_57 / solvent_13,0.4140 / 0.3040 / 0.2820,331.29,-0.1224 / -0.06 / 0.4595,kdb
solvent_32 / solvent_57 / solvent_13,0.5260 / 0.2660 / 0.2080,331.5,-0.0838 / -0.1875 / 0.5293,kdb
solvent_32 / solvent_57 / solvent_13,0.7560 / 0.1250 / 0.1190,330.39,-0.0178 / -0.4505 / 0.5881,kdb
solvent_32 / solvent_57 / solvent_13,0.3880 / 0.1190 / 0.4930,330.79,0.0728 / 0.0761 / 0.1754,kdb
solvent_32 / solvent_57 / solvent_13,0.3780 / 0.1250 / 0.4970,330.89,0.0725 / 0.0236 / 0.1854,kdb
solvent_32 / solvent_57 / solvent_13,0.5230 / 0.4500 / 0.0270,335.17,-0.1349 / -0.2364 / 1.1061,kdb
solvent_32 / solvent_57 / solvent_13,0.5210 / 0.4440 / 0.0350,334.86,-0.1372 / -0.2319 / 1.0547,kdb
solvent_32 / solvent_57 / solvent_13,0.3430 / 0.3990 / 0.2580,330.83,-0.2039 / 0.0002 / 0.5645,kdb
solvent_32 / solvent_57 / solvent_13,0.3310 / 0.3570 / 0.3120,330.66,-0.1728 / 0.0394 / 0.4649,kdb
solvent_32 / solvent_57 / solvent_13,0.7880 / 0.1840 / 0.0280,331.91,-0.0151 / -0.4874 / 0.7686,kdb
solvent_32 / solvent_57 / solvent_13,0.7320 / 0.1880 / 0.0800,331.43,-0.0311 / -0.4289 / 0.7035,kdb
solvent_32 / solvent_57 / solvent_13,0.4110 / 0.4710 / 0.1180,332.78,-0.2257 / -0.1257 / 0.8659,kdb
solvent_32 / solvent_57 / solvent_13,0.1520 / 0.0720 / 0.7760,332.57,0.2706 / 0.4840 / 0.0498,kdb
solvent_32 / solvent_57 / solvent_13,0.1470 / 0.0760 / 0.7770,332.62,0.2703 / 0.5138 / 0.0420,kdb
solvent_32 / solvent_57 / solvent_13,0.2210 / 0.6480 / 0.1310,330.93,-0.4745 / 0.0066 / 0.9668,kdb
solvent_32 / solvent_57 / solvent_13,0.2500 / 0.5990 / 0.1510,331.05,-0.4253 / 0.0039 / 0.8788,kdb
solvent_32 / solvent_57 / solvent_13,0.1420 / 0.1700 / 0.6880,331,0.0946 / 0.4722 / 0.1082,kdb
solvent_32 / solvent_57 / solvent_13,0.1620 / 0.2930 / 0.5450,329.65,-0.1275 / 0.3626 / 0.2163,kdb
solvent_32 / solvent_57 / solvent_13,0.2240 / 0.7320 / 0.0440,333.49,-0.4691 / -0.0373 / 1.337,kdb
solvent_32 / solvent_57 / solvent_13,0.2300 / 0.6200 / 0.1500,330.81,-0.4567 / 0.0134 / 0.8953,kdb
solvent_32 / solvent_57 / solvent_13,0.7380 / 0.1330 / 0.1290,330.46,-0.0198 / -0.4338 / 0.5769,kdb
solvent_32 / solvent_57 / solvent_13,0.6080 / 0.1090 / 0.2830,330.03,0.0066 / -0.2736 / 0.3686,kdb
solvent_32 / solvent_57 / solvent_13,0.5280 / 0.1000 / 0.3720,330.11,0.0388 / -0.1765 / 0.2792,kdb
solvent_32 / solvent_57 / solvent_13,0.0880 / 0.1420 / 0.7700,331.89,0.1557 / 0.5938 / 0.0564,kdb
solvent_60 / solvent_18 / solvent_229,0.0618 / 0.2110 / 0.7272,344.65,2.4080 / 0.4377 / -0.6850,kdb
solvent_60 / solvent_18 / solvent_229,0.0750 / 0.3263 / 0.5987,346.25,1.9906 / 0.3455 / -0.5994,kdb
solvent_60 / solvent_18 / solvent_229,0.0220 / 0.2480 / 0.7300,364.35,2.4019 / 0.4365 / -1.9493,kdb
solvent_60 / solvent_18 / solvent_229,0.0350 / 0.2350 / 0.7300,354.95,2.4772 / 0.4349 / 0.2405,kdb
solvent_60 / solvent_18 / solvent_229,0.0450 / 0.2230 / 0.7320,351.15,2.4698 / 0.3408 / -0.4332,kdb
solvent_60 / solvent_18 / solvent_229,0.0485 / 0.2233 / 0.7282,347.75,2.4653 / 0.5155 / -0.8962,kdb
solvent_60 / solvent_18 / solvent_229,0.0629 / 0.3201 / 0.6170,347.35,2.1223 / 0.3483 / -0.7037,kdb
solvent_60 / solvent_18 / solvent_229,0.1083 / 0.4464 / 0.4453,346.05,1.5234 / 0.1967 / -0.2899,kdb
solvent_60 / solvent_18 / solvent_229,0.0548 / 0.1957 / 0.7495,345.75,2.4763 / 0.5312 / -0.7902,kdb
solvent_60 / solvent_18 / solvent_229,0.0303 / 0.0091 / 0.9606,342.25,3.4522 / 1.4724 / -0.7978,kdb
solvent_60 / solvent_18 / solvent_229,0.0315 / 0.0257 / 0.9428,342.45,3.3832 / 1.0287 / -0.7930,kdb
solvent_60 / solvent_18 / solvent_229,0.0287 / 0.0317 / 0.9396,342.65,3.4544 / 1.0675 / -0.8035,kdb
solvent_60 / solvent_18 / solvent_229,0.0325 / 0.0479 / 0.9196,343.65,3.2630 / 1.0317 / -0.8511,kdb
solvent_60 / solvent_18 / solvent_229,0.0397 / 0.1166 / 0.8437,345.15,2.9352 / 0.6331 / -0.8678,kdb
solvent_18 / solvent_19 / solvent_80,0.1970 / 0.1170 / 0.6860,371.4,0.1394 / 1.3862 / 0.1848,kdb
solvent_18 / solvent_19 / solvent_80,0.1570 / 0.1530 / 0.6900,371.8,0.1700 / 1.2045 / 0.2712,kdb
solvent_18 / solvent_19 / solvent_80,0.3440 / 0.0460 / 0.6100,371.9,0.1544 / 1.4614 / -0.0326,kdb
solvent_18 / solvent_19 / solvent_80,0.2250 / 0.0920 / 0.6830,372.25,0.1747 / 1.4760 / -0.0304,kdb
solvent_18 / solvent_19 / solvent_80,0.1250 / 0.1370 / 0.7380,372.3,0.2820 / 1.4058 / 0.0179,kdb
solvent_18 / solvent_19 / solvent_80,0.1180 / 0.1320 / 0.7500,372.4,0.2499 / 1.4847 / -0.0160,kdb
solvent_18 / solvent_19 / solvent_80,0.1160 / 0.1290 / 0.7550,372.5,0.2793 / 1.4584 / 0.1259,kdb
solvent_18 / solvent_19 / solvent_80,0.2890 / 0.0600 / 0.6510,372.75,0.1539 / 1.5323 / -0.0411,kdb
solvent_18 / solvent_19 / solvent_80,0.1350 / 0.1120 / 0.7530,373.2,0.2346 / 1.5235 / 0.0724,kdb
solvent_18 / solvent_19 / solvent_80,0.1140 / 0.0960 / 0.7900,375.8,0.2114 / 1.5636 / 0.2361,kdb
solvent_18 / solvent_19 / solvent_80,0.1520 / 0.0780 / 0.7700,375.85,0.2055 / 1.6809 / 0.0298,kdb
solvent_18 / solvent_19 / solvent_80,0.1320 / 0.0900 / 0.7780,376.05,0.1739 / 1.6133 / 0.0970,kdb
solvent_18 / solvent_19 / solvent_80,0.0880 / 0.1020 / 0.8100,376.25,0.2797 / 1.5913 / 0.1426,kdb
solvent_18 / solvent_19 / solvent_80,0.2160 / 0.0550 / 0.7290,376.85,0.1683 / 1.6806 / -0.0427,kdb
solvent_18 / solvent_19 / solvent_80,0.0950 / 0.0850 / 0.8200,377.1,0.2534 / 1.7249 / 0.0859,kdb
solvent_18 / solvent_19 / solvent_80,0.1000 / 0.0950 / 0.8050,377.15,0.2008 / 1.6388 / 0.0247,kdb
solvent_18 / solvent_19 / solvent_80,0.1390 / 0.0710 / 0.7900,377.2,0.2190 / 1.7639 / -0.0369,kdb
solvent_18 / solvent_19 / solvent_80,0.1020 / 0.0880 / 0.8100,377.25,0.2385 / 1.6495 / 0.1177,kdb
solvent_18 / solvent_19 / solvent_80,0.2050 / 0.0590 / 0.7360,377.3,0.0768 / 1.6976 / 0.0873,kdb
solvent_18 / solvent_19 / solvent_80,0.0890 / 0.0840 / 0.8270,377.55,0.2689 / 1.6858 / 0.2016,kdb
solvent_18 / solvent_19 / solvent_80,0.1010 / 0.0850 / 0.8140,377.6,0.2352 / 1.6762 / 0.1007,kdb
solvent_18 / solvent_19 / solvent_80,0.2440 / 0.0350 / 0.7210,377.75,0.2450 / 1.6167 / -0.0124,kdb
solvent_18 / solvent_19 / solvent_80,0.0930 / 0.0830 / 0.8240,377.75,0.2492 / 1.7014 / 0.1448,kdb
solvent_18 / solvent_19 / solvent_80,0.0910 / 0.0890 / 0.8200,377.9,0.2502 / 1.5917 / 0.2448,kdb
solvent_18 / solvent_19 / solvent_80,0.0820 / 0.0790 / 0.8390,378.45,0.2742 / 1.7051 / 0.2436,kdb
solvent_18 / solvent_19 / solvent_80,0.0860 / 0.0850 / 0.8290,378.6,0.2181 / 1.6954 / 0.0957,kdb
solvent_18 / solvent_19 / solvent_80,0.0840 / 0.0870 / 0.8290,378.75,0.2332 / 1.6375 / 0.1709,kdb
solvent_18 / solvent_19 / solvent_80,0.0840 / 0.0710 / 0.8450,379.6,0.2983 / 1.7174 / 0.2515,kdb
solvent_18 / solvent_19 / solvent_80,0.1160 / 0.0820 / 0.8020,379.75,0.1264 / 1.5611 / 0.1526,kdb
solvent_18 / solvent_19 / solvent_80,0.0880 / 0.0660 / 0.8460,380.2,0.2691 / 1.8420 / 0.0529,kdb
solvent_18 / solvent_19 / solvent_80,0.1210 / 0.0650 / 0.8140,382.1,0.1729 / 1.5466 / 0.2083,kdb
solvent_18 / solvent_19 / solvent_80,0.1260 / 0.0620 / 0.8120,382.15,0.1794 / 1.6540 / 0.0373,kdb
solvent_18 / solvent_19 / solvent_80,0.1330 / 0.0560 / 0.8110,382.45,0.1913 / 1.7174 / -0.0313,kdb
solvent_18 / solvent_19 / solvent_80,0.0770 / 0.0620 / 0.8610,383.35,0.2845 / 1.7564 / 0.0992,kdb
solvent_18 / solvent_19 / solvent_80,0.0850 / 0.0580 / 0.8570,384.55,0.2319 / 1.7561 / 0.0567,kdb
solvent_18 / solvent_19 / solvent_80,0.0790 / 0.0510 / 0.8700,385.9,0.2904 / 1.8507 / -0.0258,kdb
solvent_18 / solvent_19 / solvent_80,0.1620 / 0.0320 / 0.8060,386.1,0.2054 / 1.7112 / -0.0207,kdb
solvent_18 / solvent_19 / solvent_80,0.1550 / 0.0430 / 0.8020,386.35,0.1702 / 1.5365 / -0.0281,kdb
solvent_18 / solvent_19 / solvent_80,0.0780 / 0.0460 / 0.8760,387.35,0.3225 / 1.8491 / -0.0188,kdb
solvent_18 / solvent_19 / solvent_80,0.1820 / 0.0230 / 0.7950,387.95,0.1819 / 1.6058 / -0.0218,kdb
solvent_18 / solvent_19 / solvent_80,0.0890 / 0.0410 / 0.8700,389.2,0.2670 / 1.8009 / -0.0244,kdb
solvent_18 / solvent_19 / solvent_80,0.0810 / 0.0470 / 0.8720,389.35,0.2097 / 1.7528 / -0.0175,kdb
solvent_18 / solvent_19 / solvent_80,0.0840 / 0.0380 / 0.8780,389.85,0.2960 / 1.8399 / -0.0128,kdb
solvent_18 / solvent_19 / solvent_80,0.1030 / 0.0300 / 0.8670,391.3,0.2529 / 1.8219 / -0.0127,kdb
solvent_18 / solvent_19 / solvent_80,0.0930 / 0.0320 / 0.8750,391.8,0.2854 / 1.7785 / -0.0054,kdb
solvent_18 / solvent_19 / solvent_80,0.0990 / 0.0290 / 0.8720,392.1,0.2810 / 1.8033 / -0.0209,kdb
solvent_18 / solvent_19 / solvent_80,0.0930 / 0.0270 / 0.8800,394.1,0.2714 / 1.7704 / -0.0152,kdb
solvent_18 / solvent_19 / solvent_80,0.0790 / 0.0320 / 0.8890,394.35,0.2354 / 1.7810 / -0.0184,kdb
solvent_18 / solvent_19 / solvent_80,0.0900 / 0.0330 / 0.8770,395.35,0.1166 / 1.6203 / 0.0321,kdb
solvent_18 / solvent_19 / solvent_80,0.0840 / 0.0260 / 0.8900,396.2,0.2239 / 1.8118 / -0.0389,kdb
solvent_18 / solvent_19 / solvent_15,0.9070 / 0.0530 / 0.0400,351.55,-0.0018 / 0.4826 / 0.9674,kdb
solvent_18 / solvent_19 / solvent_15,0.8810 / 0.0510 / 0.0680,350.45,-0.0007 / 0.5133 / 0.922,kdb
solvent_18 / solvent_19 / solvent_15,0.7830 / 0.1000 / 0.1170,348.65,0.0117 / 0.5233 / 0.8802,kdb
solvent_18 / solvent_19 / solvent_15,0.6790 / 0.1890 / 0.1320,347.75,0.0271 / 0.4523 / 0.9516,kdb
solvent_18 / solvent_19 / solvent_15,0.6540 / 0.2590 / 0.0870,349.45,0.0139 / 0.3139 / 1.1592,kdb
solvent_18 / solvent_19 / solvent_15,0.6090 / 0.2080 / 0.1830,346.55,0.0100 / 0.4666 / 0.9184,kdb
solvent_18 / solvent_19 / solvent_15,0.5310 / 0.3940 / 0.0750,349.55,0.0310 / 0.1265 / 1.5120,kdb
solvent_18 / solvent_19 / solvent_15,0.5080 / 0.3190 / 0.1730,346.25,0.0066 / 0.3168 / 1.0972,kdb
solvent_18 / solvent_19 / solvent_15,0.4990 / 0.3800 / 0.1210,347.55,0.0256 / 0.2035 / 1.3050,kdb
solvent_18 / solvent_19 / solvent_15,0.4780 / 0.3630 / 0.1590,346.45,0.0237 / 0.2686 / 1.1673,kdb
solvent_18 / solvent_19 / solvent_15,0.4750 / 0.3590 / 0.1660,346.35,0.0154 / 0.2690 / 1.1528,kdb
solvent_18 / solvent_19 / solvent_15,0.4470 / 0.3030 / 0.2500,344.85,-0.0102 / 0.4763 / 0.9148,kdb
solvent_32 / solvent_57 / solvent_18,0.0190 / 0.0610 / 0.9200,351,0.3938 / -0.1889 / 0.0000,kdb
solvent_32 / solvent_57 / solvent_18,0.0540 / 0.5220 / 0.4240,342.73,-0.121 / -0.0923 / -0.0301,kdb
solvent_32 / solvent_57 / solvent_18,0.0590 / 0.5350 / 0.4060,342.42,-0.1219 / -0.09 / -0.036,kdb
solvent_32 / solvent_57 / solvent_18,0.0630 / 0.2920 / 0.6450,346,0.1074 / -0.1632 / 0.0059,kdb
solvent_32 / solvent_57 / solvent_18,0.0670 / 0.8830 / 0.0500,336.13,-0.6017 / -0.0238 / -0.1334,kdb
solvent_32 / solvent_57 / solvent_18,0.0710 / 0.5710 / 0.3580,341.58,-0.1741 / -0.0849 / -0.0298,kdb
solvent_32 / solvent_57 / solvent_18,0.0750 / 0.2790 / 0.6460,345.76,0.1157 / -0.1698 / 0.0082,kdb
solvent_32 / solvent_57 / solvent_18,0.0750 / 0.2960 / 0.6290,345.56,0.1078 / -0.1635 / 0.0037,kdb
solvent_32 / solvent_57 / solvent_18,0.0830 / 0.8510 / 0.0660,336.62,-0.5496 / -0.03 / -0.0916,kdb
solvent_32 / solvent_57 / solvent_18,0.0920 / 0.6500 / 0.2580,340.07,-0.279 / -0.0708 / -0.0466,kdb
solvent_32 / solvent_57 / solvent_18,0.0950 / 0.4870 / 0.4180,342.56,-0.1018 / -0.1226 / 0.0067,kdb
solvent_32 / solvent_57 / solvent_18,0.0960 / 0.2610 / 0.6430,345.32,0.1235 / -0.1845 / 0.0115,kdb
solvent_32 / solvent_57 / solvent_18,0.1010 / 0.2780 / 0.6210,344.98,0.1209 / -0.1842 / 0.0088,kdb
solvent_32 / solvent_57 / solvent_18,0.1060 / 0.6800 / 0.2140,339.41,-0.322 / -0.0671 / -0.0359,kdb
solvent_32 / solvent_57 / solvent_18,0.1100 / 0.6110 / 0.2790,340.5,-0.2462 / -0.0866 / -0.0167,kdb
solvent_32 / solvent_57 / solvent_18,0.1110 / 0.4080 / 0.4810,343.28,-0.0152 / -0.1485 / 0.0085,kdb
solvent_32 / solvent_57 / solvent_18,0.1180 / 0.7920 / 0.0900,337.44,-0.4437 / -0.0509 / 0.022,kdb
solvent_32 / solvent_57 / solvent_18,0.1240 / 0.4950 / 0.3810,341.94,-0.1197 / -0.1285 / 0.0179,kdb
solvent_32 / solvent_57 / solvent_18,0.1300 / 0.1510 / 0.7190,345.11,0.1987 / -0.2439 / 0.0204,kdb
solvent_32 / solvent_57 / solvent_18,0.1450 / 0.5740 / 0.2810,340.6,-0.2101 / -0.1052 / 0.0052,kdb
solvent_32 / solvent_57 / solvent_18,0.1640 / 0.5440 / 0.2920,340.74,-0.1802 / -0.1235 / 0.029,kdb
solvent_32 / solvent_57 / solvent_18,0.1640 / 0.4220 / 0.4140,342.1,-0.0524 / -0.1648 / 0.0282,kdb
solvent_32 / solvent_57 / solvent_18,0.1670 / 0.3250 / 0.5080,342.89,0.0319 / -0.2002 / 0.0325,kdb
solvent_32 / solvent_57 / solvent_18,0.1720 / 0.1920 / 0.6360,343.57,0.1365 / -0.2587 / 0.0373,kdb
solvent_32 / solvent_57 / solvent_18,0.1800 / 0.6820 / 0.1380,338.7,-0.3087 / -0.1015 / 0.1393,kdb
solvent_32 / solvent_57 / solvent_18,0.1910 / 0.6350 / 0.1740,339.25,-0.2852 / -0.0988 / 0.0472,kdb
solvent_32 / solvent_57 / solvent_18,0.1940 / 0.2100 / 0.5960,342.87,0.1148 / -0.2505 / 0.0370,kdb
solvent_32 / solvent_57 / solvent_18,0.2000 / 0.6150 / 0.1850,339.44,-0.2647 / -0.1069 / 0.0462,kdb
solvent_32 / solvent_57 / solvent_18,0.2030 / 0.5700 / 0.2270,339.92,-0.2227 / -0.1312 / 0.0927,kdb
solvent_32 / solvent_57 / solvent_18,0.2210 / 0.5640 / 0.2150,339.76,-0.2073 / -0.1305 / 0.062,kdb
solvent_32 / solvent_57 / solvent_18,0.2260 / 0.5960 / 0.1780,339.35,-0.2447 / -0.1191 / 0.0716,kdb
solvent_32 / solvent_57 / solvent_18,0.2350 / 0.3350 / 0.4300,341.38,-0.0098 / -0.2297 / 0.0729,kdb
solvent_32 / solvent_57 / solvent_18,0.2410 / 0.2560 / 0.5030,341.61,0.0544 / -0.2724 / 0.0662,kdb
solvent_32 / solvent_57 / solvent_18,0.2510 / 0.0990 / 0.6500,341.67,0.1539 / -0.3459 / 0.0513,kdb
solvent_32 / solvent_57 / solvent_18,0.2650 / 0.1790 / 0.5560,341.22,0.0930 / -0.3180 / 0.0719,kdb
solvent_32 / solvent_57 / solvent_18,0.2740 / 0.3590 / 0.3670,340.53,-0.0399 / -0.2346 / 0.0951,kdb
solvent_32 / solvent_57 / solvent_18,0.2760 / 0.4340 / 0.2900,340.1,-0.0988 / -0.1991 / 0.0964,kdb
solvent_32 / solvent_57 / solvent_18,0.2930 / 0.4880 / 0.2190,339.54,-0.1464 / -0.1817 / 0.1101,kdb
solvent_32 / solvent_57 / solvent_18,0.3020 / 0.5110 / 0.1870,339.24,-0.1671 / -0.1762 / 0.1346,kdb
solvent_32 / solvent_57 / solvent_18,0.3130 / 0.3180 / 0.3690,339.95,-0.0194 / -0.2718 / 0.1166,kdb
solvent_32 / solvent_57 / solvent_18,0.3390 / 0.5910 / 0.0700,338.26,-0.2345 / -0.1448 / 0.1499,kdb
solvent_32 / solvent_57 / solvent_18,0.3420 / 0.2150 / 0.4430,339.48,0.0522 / -0.3375 / 0.0975,kdb
solvent_32 / solvent_57 / solvent_18,0.3430 / 0.2760 / 0.3810,339.45,0.0117 / -0.3082 / 0.1126,kdb
solvent_32 / solvent_57 / solvent_18,0.3770 / 0.4110 / 0.2120,338.68,-0.0854 / -0.2481 / 0.1524,kdb
solvent_32 / solvent_57 / solvent_18,0.3840 / 0.3870 / 0.2290,338.6,-0.0699 / -0.263 / 0.1591,kdb
solvent_32 / solvent_57 / solvent_18,0.4400 / 0.1440 / 0.4160,337.49,0.0667 / -0.4343 / 0.1133,kdb
solvent_32 / solvent_57 / solvent_18,0.4480 / 0.2670 / 0.2850,337.64,-0.0027 / -0.3586 / 0.1584,kdb
solvent_32 / solvent_57 / solvent_18,0.5780 / 0.3360 / 0.0860,335.88,-0.052 / -0.3423 / 0.2572,kdb
solvent_32 / solvent_57 / solvent_18,0.6080 / 0.3180 / 0.0740,335.44,-0.0438 / -0.3675 / 0.287,kdb
solvent_32 / solvent_57 / solvent_18,0.6420 / 0.2890 / 0.0690,334.9,-0.0339 / -0.3878 / 0.2804,kdb
solvent_32 / solvent_57 / solvent_18,0.6840 / 0.0910 / 0.2250,333.44,0.0232 / -0.5463 / 0.2145,kdb
solvent_32 / solvent_57 / solvent_18,0.7680 / 0.1170 / 0.1150,332.48,0.0056 / -0.5274 / 0.2737,kdb
solvent_32 / solvent_57 / solvent_18,0.8780 / 0.0530 / 0.0690,330.85,0.0061 / -0.6126 / 0.3188,kdb
solvent_18 / solvent_50 / solvent_60,0.8610 / 0.0660 / 0.0730,350.6,0.0163 / 0.1165 / 0.2867,kdb
solvent_18 / solvent_50 / solvent_60,0.8060 / 0.0670 / 0.1270,349.2,0.0302 / 0.1594 / 0.2282,kdb
solvent_18 / solvent_50 / solvent_60,0.7320 / 0.0680 / 0.2000,347.7,0.0353 / 0.2202 / 0.2004,kdb
solvent_18 / solvent_50 / solvent_60,0.6370 / 0.0700 / 0.2930,346.3,0.0615 / 0.2493 / 0.1335,kdb
solvent_18 / solvent_50 / solvent_60,0.5440 / 0.0710 / 0.3850,345.1,0.0927 / 0.2151 / 0.1004,kdb
solvent_18 / solvent_50 / solvent_60,0.4610 / 0.0670 / 0.4720,344.2,0.1680 / 0.0484 / 0.0568,kdb
solvent_18 / solvent_50 / solvent_60,0.5120 / 0.1100 / 0.3780,345.3,0.1070 / 0.1306 / 0.0891,kdb
solvent_18 / solvent_50 / solvent_60,0.4430 / 0.0960 / 0.4610,344.4,0.1664 / 0.1005 / 0.0499,kdb
solvent_18 / solvent_50 / solvent_60,0.3950 / 0.0790 / 0.5260,343.85,0.1551 / 0.1024 / 0.0563,kdb
solvent_18 / solvent_50 / solvent_60,0.3420 / 0.0640 / 0.5940,343.4,0.1962 / 0.1389 / 0.0278,kdb
solvent_18 / solvent_50 / solvent_60,0.3040 / 0.0530 / 0.6430,343,0.2413 / -0.0190 / 0.0227,kdb
solvent_18 / solvent_50 / solvent_60,0.2790 / 0.0370 / 0.6840,342.7,0.2273 / -0.0420 / 0.0283,kdb
solvent_18 / solvent_50 / solvent_60,0.1570 / 0.5030 / 0.3400,347.5,0.2949 / 0.0027 / 0.0117,kdb
solvent_18 / solvent_50 / solvent_60,0.1760 / 0.4140 / 0.4100,346.45,0.2369 / 0.0538 / -0.0011,kdb
solvent_18 / solvent_50 / solvent_60,0.1800 / 0.3470 / 0.4730,345.7,0.2553 / -0.0080 / 0.0293,kdb
solvent_18 / solvent_50 / solvent_60,0.1830 / 0.2670 / 0.5500,344.95,0.2631 / 0.0566 / -0.0068,kdb
solvent_18 / solvent_50 / solvent_60,0.1830 / 0.2140 / 0.6030,344.25,0.2470 / 0.1216 / -0.0101,kdb
solvent_18 / solvent_50 / solvent_60,0.1760 / 0.1790 / 0.6450,343.75,0.2736 / 0.0561 / 0.0067,kdb
solvent_18 / solvent_50 / solvent_60,0.0780 / 0.2890 / 0.6330,344.9,0.3025 / 0.0555 / -0.0139,kdb
solvent_18 / solvent_50 / solvent_60,0.0810 / 0.2310 / 0.6880,344.2,0.2626 / 0.0127 / 0.0077,kdb
solvent_18 / solvent_50 / solvent_60,0.0790 / 0.1730 / 0.7480,343.65,0.2801 / -0.0298 / 0.0093,kdb
solvent_18 / solvent_50 / solvent_60,0.0770 / 0.1220 / 0.8010,343.3,0.2909 / 0.1014 / -0.0152,kdb
solvent_18 / solvent_50 / solvent_60,0.0750 / 0.0970 / 0.8280,342.95,0.3018 / 0.0713 / -0.0079,kdb
solvent_18 / solvent_50 / solvent_60,0.0730 / 0.0740 / 0.8530,342.65,0.2968 / 0.1251 / -0.0075,kdb
solvent_18 / solvent_50 / solvent_60,0.0240 / 0.7080 / 0.2680,349.7,0.3338 / 0.0203 / -0.0175,kdb
solvent_18 / solvent_50 / solvent_60,0.0300 / 0.6350 / 0.3350,348.65,0.3263 / -0.0004 / 0.0259,kdb
solvent_18 / solvent_50 / solvent_60,0.0360 / 0.5400 / 0.4240,347.55,0.3091 / 0.0312 / -0.0101,kdb
solvent_18 / solvent_50 / solvent_60,0.0410 / 0.4580 / 0.5010,346.4,0.3737 / -0.0005 / 0.0192,kdb
solvent_18 / solvent_50 / solvent_60,0.0480 / 0.3630 / 0.5890,345.5,0.3814 / 0.0359 / -0.0092,kdb
solvent_18 / solvent_50 / solvent_60,0.0550 / 0.2900 / 0.6550,344.75,0.3054 / 0.0393 / -0.0036,kdb
solvent_18 / solvent_50 / solvent_60,0.0810 / 0.8430 / 0.0760,351.85,0.3402 / -0.0066 / 0.0198,kdb
solvent_18 / solvent_50 / solvent_60,0.1090 / 0.7860 / 0.1050,351.15,0.2258 / 0.0108 / 0.0188,kdb
solvent_18 / solvent_50 / solvent_60,0.1280 / 0.7300 / 0.1420,350.4,0.2605 / -0.0008 / 0.0456,kdb
solvent_18 / solvent_50 / solvent_60,0.1520 / 0.6550 / 0.1930,349.5,0.2230 / 0.0120 / 0.0319,kdb
solvent_18 / solvent_50 / solvent_60,0.1690 / 0.5790 / 0.2520,348.45,0.2244 / 0.0331 / 0.0098,kdb
solvent_18 / solvent_50 / solvent_60,0.1820 / 0.5060 / 0.3120,347.45,0.2513 / 0.0127 / 0.0362,kdb
solvent_18 / solvent_50 / solvent_60,0.3150 / 0.6480 / 0.0370,350.95,0.1623 / 0.0221 / 0.0238,kdb
solvent_18 / solvent_50 / solvent_60,0.3450 / 0.6050 / 0.0500,350.5,0.1689 / 0.0165 / 0.0865,kdb
solvent_18 / solvent_50 / solvent_60,0.3750 / 0.5540 / 0.0710,350.15,0.1535 / 0.0345 / 0.0052,kdb
solvent_18 / solvent_50 / solvent_60,0.3970 / 0.5110 / 0.0920,349.6,0.1485 / 0.0205 / 0.1233,kdb
solvent_18 / solvent_50 / solvent_60,0.4110 / 0.4750 / 0.1140,348.95,0.1393 / 0.0173 / 0.1927,kdb
solvent_18 / solvent_50 / solvent_60,0.4130 / 0.4150 / 0.1720,348.3,0.1331 / 0.0441 / 0.0956,kdb
solvent_18 / solvent_50 / solvent_60,0.4250 / 0.4510 / 0.1240,349.15,0.1234 / 0.0459 / 0.0851,kdb
solvent_18 / solvent_50 / solvent_60,0.4230 / 0.4080 / 0.1690,348.5,0.1248 / 0.0522 / 0.0720,kdb
solvent_18 / solvent_50 / solvent_60,0.4130 / 0.3640 / 0.2230,347.8,0.1341 / 0.0371 / 0.0748,kdb
solvent_18 / solvent_50 / solvent_60,0.3980 / 0.3130 / 0.2890,346.95,0.1547 / 0.0669 / 0.0296,kdb
solvent_18 / solvent_50 / solvent_60,0.3810 / 0.2700 / 0.3490,346.1,0.1579 / 0.0183 / 0.0705,kdb
solvent_18 / solvent_50 / solvent_60,0.3560 / 0.2160 / 0.4280,345.3,0.1759 / 0.0844 / 0.0259,kdb
solvent_18 / solvent_50 / solvent_60,0.2540 / 0.2760 / 0.4700,345.4,0.2246 / 0.0368 / 0.0115,kdb
solvent_18 / solvent_50 / solvent_60,0.2480 / 0.2200 / 0.5320,344.7,0.2301 / -0.0140 / 0.0275,kdb
solvent_18 / solvent_50 / solvent_60,0.2380 / 0.1630 / 0.5990,344.2,0.2403 / 0.0756 / -0.0050,kdb
solvent_18 / solvent_50 / solvent_60,0.2770 / 0.1300 / 0.5930,343.7,0.0553 / 0.0555 / 0.0821,kdb
solvent_18 / solvent_50 / solvent_60,0.2160 / 0.1000 / 0.6840,343.25,0.2419 / 0.0838 / 0.0072,kdb
solvent_18 / solvent_50 / solvent_60,0.2000 / 0.0780 / 0.7220,342.9,0.2792 / 0.0812 / 0.0020,kdb
solvent_18 / solvent_50 / solvent_60,0.1200 / 0.1230 / 0.7570,343.3,0.3004 / 0.0294 / -0.0044,kdb
solvent_18 / solvent_50 / solvent_60,0.1180 / 0.0910 / 0.7910,343,0.3101 / -0.0116 / -0.0031,kdb
solvent_18 / solvent_50 / solvent_60,0.1160 / 0.0640 / 0.8200,342.75,0.3180 / -0.0038 / -0.0062,kdb
solvent_18 / solvent_50 / solvent_60,0.1140 / 0.0450 / 0.8410,342.6,0.3137 / 0.1301 / -0.0127,kdb
solvent_18 / solvent_50 / solvent_60,0.1110 / 0.0360 / 0.8530,342.45,0.2706 / 0.0327 / -0.0013,kdb
solvent_18 / solvent_50 / solvent_60,0.1030 / 0.0260 / 0.8710,342.3,0.2903 / 0.2404 / -0.0073,kdb
solvent_18 / solvent_50 / solvent_60,0.3100 / 0.5770 / 0.1130,349.65,0.1928 / -0.0026 / 0.1023,kdb
solvent_18 / solvent_50 / solvent_60,0.3360 / 0.5050 / 0.1590,349,0.1593 / 0.0130 / 0.0817,kdb
solvent_18 / solvent_50 / solvent_60,0.3450 / 0.4400 / 0.2150,348.25,0.1538 / 0.0431 / 0.0299,kdb
solvent_18 / solvent_50 / solvent_60,0.3440 / 0.3860 / 0.2700,347.45,0.1498 / 0.0543 / 0.0357,kdb
solvent_18 / solvent_50 / solvent_60,0.3330 / 0.3340 / 0.3330,346.65,0.1619 / 0.0406 / 0.0432,kdb
solvent_18 / solvent_50 / solvent_60,0.3180 / 0.2780 / 0.4040,345.8,0.1705 / 0.0349 / 0.0437,kdb
solvent_18 / solvent_50 / solvent_60,0.6850 / 0.2370 / 0.0780,349.65,0.0474 / 0.1007 / 0.2561,kdb
solvent_18 / solvent_50 / solvent_60,0.6420 / 0.2300 / 0.1280,348.8,0.0564 / 0.1079 / 0.1808,kdb
solvent_18 / solvent_50 / solvent_60,0.5910 / 0.2190 / 0.1900,347.9,0.0758 / 0.0942 / 0.1301,kdb
solvent_18 / solvent_50 / solvent_60,0.5390 / 0.2000 / 0.2610,346.85,0.0856 / 0.1124 / 0.1083,kdb
solvent_18 / solvent_50 / solvent_60,0.4800 / 0.1800 / 0.3400,345.9,0.1246 / 0.1174 / 0.0621,kdb
solvent_18 / solvent_50 / solvent_60,0.4310 / 0.1580 / 0.4110,345.1,0.1402 / 0.0780 / 0.0664,kdb
solvent_18 / solvent_50 / solvent_60,0.8980 / 0.0800 / 0.0220,351.9,-0.0144 / 0.3983 / 0.2676,kdb
solvent_18 / solvent_50 / solvent_60,0.8490 / 0.1120 / 0.0390,351.35,0.0118 / 0.2121 / 0.1746,kdb
solvent_18 / solvent_50 / solvent_60,0.8100 / 0.1280 / 0.0620,350.55,0.0056 / 0.1782 / 0.3347,kdb
solvent_18 / solvent_50 / solvent_60,0.7490 / 0.1380 / 0.1130,349.35,0.0266 / 0.1180 / 0.2572,kdb
solvent_18 / solvent_50 / solvent_60,0.6810 / 0.1350 / 0.1840,348.1,0.0514 / 0.1332 / 0.1562,kdb
solvent_18 / solvent_50 / solvent_60,0.6100 / 0.1290 / 0.2610,346.85,0.0778 / 0.1029 / 0.1258,kdb
solvent_18 / solvent_50 / solvent_60,0.6520 / 0.3320 / 0.0160,350.65,0.0449 / 0.1030 / 0.5965,kdb
solvent_18 / solvent_50 / solvent_60,0.6290 / 0.3330 / 0.0380,350.3,0.0446 / 0.0986 / 0.3668,kdb
solvent_18 / solvent_50 / solvent_60,0.6000 / 0.3290 / 0.0710,349.9,0.0583 / 0.0952 / 0.1636,kdb
solvent_18 / solvent_50 / solvent_60,0.5730 / 0.3200 / 0.1070,349.3,0.0696 / 0.1097 / 0.0887,kdb
solvent_18 / solvent_50 / solvent_60,0.5430 / 0.3100 / 0.1470,348.55,0.0864 / 0.0946 / 0.1011,kdb
solvent_18 / solvent_50 / solvent_60,0.5110 / 0.2890 / 0.2000,347.75,0.0933 / 0.0762 / 0.1171,kdb
solvent_18 / solvent_50 / solvent_60,0.5160 / 0.4740 / 0.0100,350.7,0.0831 / 0.0771 / 0.3178,kdb
solvent_18 / solvent_50 / solvent_60,0.5180 / 0.4640 / 0.0180,350.6,0.0843 / 0.0753 / 0.2099,kdb
solvent_18 / solvent_50 / solvent_60,0.5190 / 0.4520 / 0.0290,350.45,0.0813 / 0.0769 / 0.1767,kdb
solvent_18 / solvent_50 / solvent_60,0.5160 / 0.4390 / 0.0450,350.15,0.0887 / 0.0687 / 0.1735,kdb
solvent_18 / solvent_50 / solvent_60,0.5120 / 0.4190 / 0.0690,349.7,0.0969 / 0.0702 / 0.1304,kdb
solvent_18 / solvent_50 / solvent_60,0.5050 / 0.3950 / 0.1000,349.2,0.1004 / 0.0683 / 0.1247,kdb
solvent_18 / solvent_50 / solvent_60,0.2500 / 0.6740 / 0.0760,350.5,0.1880 / 0.0097 / 0.1056,kdb
solvent_18 / solvent_50 / solvent_60,0.2770 / 0.6130 / 0.1100,349.85,0.1824 / 0.0179 / 0.0651,kdb
solvent_18 / solvent_50 / solvent_60,0.2990 / 0.5510 / 0.1500,349.2,0.1786 / 0.0108 / 0.0766,kdb
solvent_18 / solvent_50 / solvent_60,0.3150 / 0.4820 / 0.2030,348.3,0.1709 / 0.0348 / 0.0481,kdb
solvent_18 / solvent_50 / solvent_60,0.3200 / 0.4200 / 0.2600,347.45,0.1697 / 0.0393 / 0.0522,kdb
solvent_18 / solvent_50 / solvent_60,0.3160 / 0.3580 / 0.3260,346.65,0.1824 / 0.0507 / 0.0317,kdb
solvent_18 / solvent_50 / solvent_60,0.2250 / 0.6570 / 0.1180,350.05,0.2169 / 0.0040 / 0.0598,kdb
solvent_18 / solvent_50 / solvent_60,0.2530 / 0.5860 / 0.1610,349.3,0.1957 / 0.0104 / 0.0557,kdb
solvent_18 / solvent_50 / solvent_60,0.2720 / 0.5140 / 0.2140,346.5,0.2560 / 0.0869 / 0.0869,kdb
solvent_18 / solvent_50 / solvent_60,0.2840 / 0.4460 / 0.2700,347.6,0.1949 / 0.0342 / 0.0252,kdb
solvent_18 / solvent_50 / solvent_60,0.2890 / 0.3800 / 0.3310,346.7,0.1889 / 0.0286 / 0.0452,kdb
solvent_18 / solvent_50 / solvent_60,0.2840 / 0.3130 / 0.4030,345.8,0.1960 / 0.0100 / 0.0524,kdb
solvent_18 / solvent_50 / solvent_60,0.0930 / 0.7120 / 0.1950,350,0.2871 / -0.0025 / 0.0305,kdb
solvent_18 / solvent_50 / solvent_60,0.1120 / 0.6300 / 0.2580,348,0.3060 / 0.0369 / 0.0435,kdb
solvent_18 / solvent_50 / solvent_60,0.1290 / 0.5450 / 0.3260,348,0.2393 / 0.0316 / -0.0061,kdb
solvent_18 / solvent_50 / solvent_60,0.1390 / 0.4690 / 0.3920,347,0.2729 / 0.0027 / 0.0209,kdb
solvent_18 / solvent_50 / solvent_60,0.1500 / 0.3800 / 0.4700,346.05,0.2472 / 0.0297 / 0.0068,kdb
solvent_18 / solvent_50 / solvent_60,0.1530 / 0.3070 / 0.5400,345.15,0.2760 / -0.0086 / 0.0203,kdb
solvent_32 / solvent_4 / solvent_18,0.7840 / 0.1360 / 0.0800,330.55,0.0119 / 0.5536 / 0.2462,kdb
solvent_32 / solvent_4 / solvent_18,0.8150 / 0.1010 / 0.0840,330.55,0.0065 / 0.5582 / 0.2775,kdb
solvent_32 / solvent_4 / solvent_18,0.8570 / 0.0630 / 0.0800,330.55,-0.007 / 0.614 / 0.3262,kdb
solvent_32 / solvent_4 / solvent_18,0.7420 / 0.1770 / 0.0810,330.65,0.0253 / 0.5256 / 0.1656,kdb
solvent_32 / solvent_4 / solvent_18,0.7130 / 0.2060 / 0.0810,330.85,0.0291 / 0.4958 / 0.1804,kdb
solvent_32 / solvent_4 / solvent_18,0.6740 / 0.2520 / 0.0740,331.15,0.0436 / 0.4269 / 0.1690,kdb
solvent_32 / solvent_4 / solvent_18,0.6100 / 0.3170 / 0.0730,331.45,0.1021 / 0.2996 / 0.1231,kdb
solvent_32 / solvent_4 / solvent_18,0.6310 / 0.2960 / 0.0730,331.45,0.0778 / 0.3379 / 0.1231,kdb
solvent_32 / solvent_4 / solvent_18,0.5400 / 0.4310 / 0.0290,331.65,0.1561 / 0.2397 / 0.0583,kdb
solvent_32 / solvent_4 / solvent_18,0.4950 / 0.4810 / 0.0240,332.15,0.1935 / 0.1890 / 0.0865,kdb
solvent_32 / solvent_4 / solvent_18,0.6240 / 0.1700 / 0.2060,332.55,0.0397 / 0.4753 / 0.1533,kdb
solvent_32 / solvent_4 / solvent_18,0.4460 / 0.5290 / 0.0250,332.65,0.2023 / 0.2164 / 0.1020,kdb
solvent_32 / solvent_4 / solvent_18,0.4500 / 0.5230 / 0.0270,332.65,0.2160 / 0.1843 / 0.1586,kdb
solvent_32 / solvent_4 / solvent_18,0.4850 / 0.3500 / 0.1650,332.75,0.1631 / 0.2799 / 0.1156,kdb
solvent_32 / solvent_4 / solvent_18,0.5600 / 0.1960 / 0.2440,333.25,0.0544 / 0.4297 / 0.1740,kdb
solvent_32 / solvent_4 / solvent_18,0.4530 / 0.3320 / 0.2150,333.75,0.1664 / 0.2759 / 0.0598,kdb
solvent_32 / solvent_4 / solvent_18,0.3070 / 0.6420 / 0.0510,334.45,0.3409 / 0.1590 / 0.0877,kdb
solvent_32 / solvent_4 / solvent_18,0.4510 / 0.2440 / 0.3050,334.75,0.1117 / 0.3366 / 0.1132,kdb
solvent_32 / solvent_4 / solvent_18,0.4160 / 0.3060 / 0.2780,334.75,0.1825 / 0.2520 / 0.0553,kdb
solvent_32 / solvent_4 / solvent_18,0.2920 / 0.6550 / 0.0530,334.95,0.3667 / 0.1265 / 0.0962,kdb
solvent_32 / solvent_4 / solvent_18,0.3890 / 0.2790 / 0.3320,335.55,0.1789 / 0.2579 / 0.0730,kdb
solvent_32 / solvent_4 / solvent_18,0.2450 / 0.6980 / 0.0570,335.95,0.4189 / 0.1128 / 0.1064,kdb
solvent_32 / solvent_4 / solvent_18,0.4700 / 0.0910 / 0.4390,336.15,0.0699 / 0.3478 / 0.1270,kdb
solvent_32 / solvent_4 / solvent_18,0.3670 / 0.2590 / 0.3740,336.25,0.1750 / 0.2732 / 0.0694,kdb
solvent_32 / solvent_4 / solvent_18,0.3840 / 0.2370 / 0.3790,336.25,0.1566 / 0.2816 / 0.0647,kdb
solvent_32 / solvent_4 / solvent_18,0.2850 / 0.3100 / 0.4050,337.15,0.2790 / 0.2460 / 0.0340,kdb
solvent_32 / solvent_4 / solvent_18,0.1840 / 0.7570 / 0.0590,337.25,0.5319 / 0.0929 / 0.0811,kdb
solvent_32 / solvent_4 / solvent_18,0.3130 / 0.2440 / 0.4430,337.35,0.2500 / 0.2499 / 0.0075,kdb
solvent_32 / solvent_4 / solvent_18,0.2740 / 0.4300 / 0.2960,337.55,0.2910 / 0.1497 / 0.0244,kdb
solvent_32 / solvent_4 / solvent_18,0.2340 / 0.4980 / 0.2680,338.05,0.3459 / 0.1325 / 0.0325,kdb
solvent_32 / solvent_4 / solvent_18,0.2880 / 0.2360 / 0.4760,338.25,0.2166 / 0.2536 / 0.0579,kdb
solvent_32 / solvent_4 / solvent_18,0.1410 / 0.7990 / 0.0600,338.95,0.5810 / 0.0841 / 0.0574,kdb
solvent_32 / solvent_4 / solvent_18,0.0810 / 0.8530 / 0.0660,341.55,0.7199 / 0.0656 / 0.1369,kdb
solvent_32 / solvent_4 / solvent_18,0.0390 / 0.8940 / 0.0670,344.15,0.8535 / 0.0646 / 0.1099,kdb
solvent_32 / solvent_4 / solvent_18,0.0810 / 0.4250 / 0.4940,344.15,0.5281 / 0.1349 / 0.0056,kdb
solvent_32 / solvent_4 / solvent_18,0.0840 / 0.2060 / 0.7100,344.85,0.4146 / 0.1291 / 0.0812,kdb
solvent_32 / solvent_4 / solvent_18,0.0600 / 0.3910 / 0.5490,345.45,0.5095 / 0.1166 / 0.0480,kdb
solvent_32 / solvent_4 / solvent_18,0.0520 / 0.4960 / 0.4520,346.65,0.6160 / 0.0402 / -0.0030,kdb
solvent_32 / solvent_4 / solvent_18,0.0570 / 0.9130 / 0.0300,346.65,0.7473 / -0.0782 / 0.1390,kdb
solvent_32 / solvent_4 / solvent_18,0.0570 / 0.1790 / 0.7640,347.25,0.4446 / 0.0896 / 0.0454,kdb
solvent_32 / solvent_4 / solvent_18,0.0330 / 0.4410 / 0.5260,347.75,0.5674 / 0.0480 / 0.0451,kdb
solvent_32 / solvent_4 / solvent_18,0.0380 / 0.3210 / 0.6410,347.85,0.4698 / 0.0871 / 0.0379,kdb
solvent_32 / solvent_4 / solvent_18,0.0520 / 0.3140 / 0.6340,348.15,0.4438 / 0.0564 / -0.0043,kdb
solvent_32 / solvent_4 / solvent_18,0.0360 / 0.2840 / 0.6800,348.35,0.4527 / 0.0711 / 0.0383,kdb
solvent_32 / solvent_4 / solvent_18,0.0440 / 0.1530 / 0.8030,348.45,0.4087 / 0.1166 / 0.0329,kdb
solvent_32 / solvent_4 / solvent_18,0.0520 / 0.2630 / 0.6850,348.45,0.4143 / 0.0319 / 0.0111,kdb
solvent_32 / solvent_4 / solvent_18,0.0310 / 0.3780 / 0.5910,348.65,0.4487 / 0.0825 / 0.0082,kdb
solvent_32 / solvent_4 / solvent_18,0.0310 / 0.2530 / 0.7160,348.75,0.4567 / 0.0730 / 0.0394,kdb
solvent_32 / solvent_4 / solvent_18,0.0430 / 0.2100 / 0.7470,349.25,0.4557 / 0.0509 / -0.0050,kdb
solvent_32 / solvent_4 / solvent_18,0.0390 / 0.1690 / 0.7920,349.75,0.4739 / 0.0817 / -0.0172,kdb
solvent_32 / solvent_4 / solvent_18,0.0210 / 0.2530 / 0.7260,349.95,0.4739 / 0.1029 / -0.0001,kdb
solvent_32 / solvent_4 / solvent_18,0.0240 / 0.0230 / 0.9530,351.45,0.3982 / 0.1530 / -0.0015,kdb
solvent_32 / solvent_4 / solvent_18,0.0180 / 0.1020 / 0.8800,351.55,0.3575 / 0.1567 / -0.0143,kdb
solvent_32 / solvent_4 / solvent_18,0.0090 / 0.0720 / 0.9190,352.55,0.4023 / 0.1354 / -0.0184,kdb
solvent_32 / solvent_4 / solvent_18,0.0160 / 0.0170 / 0.9670,352.55,0.4460 / 0.0347 / -0.0186,kdb
solvent_32 / solvent_4 / solvent_18,0.0060 / 0.0730 / 0.9210,352.65,0.4171 / 0.1298 / -0.0147,kdb
solvent_32 / solvent_4 / solvent_18,0.0160 / 0.0170 / 0.9670,352.85,0.4372 / 0.0770 / -0.0289,kdb
solvent_1 / solvent_18 / solvent_19,0.0110 / 0.0960 / 0.8930,337.99,3.2360 / 0.1415 / 0.0052,kdb
solvent_1 / solvent_18 / solvent_19,0.0540 / 0.1070 / 0.8390,331.09,2.3697 / 0.2104 / 0.0210,kdb
solvent_1 / solvent_18 / solvent_19,0.2040 / 0.0980 / 0.6980,327.85,1.2959 / 0.4160 / 0.1990,kdb
solvent_1 / solvent_18 / solvent_19,0.3230 / 0.0950 / 0.5820,327.75,0.8717 / 0.4424 / 0.3429,kdb
solvent_1 / solvent_18 / solvent_19,0.4500 / 0.0960 / 0.4540,327.47,0.5700 / 0.4915 / 0.5589,kdb
solvent_1 / solvent_18 / solvent_19,0.5330 / 0.0980 / 0.3690,327.28,0.4021 / 0.5983 / 0.7374,kdb
solvent_1 / solvent_18 / solvent_19,0.6300 / 0.0920 / 0.2780,327.28,0.2607 / 0.7167 / 0.9505,kdb
solvent_1 / solvent_18 / solvent_19,0.7290 / 0.0890 / 0.1820,327.32,0.1505 / 0.8564 / 1.2385,kdb
solvent_1 / solvent_18 / solvent_19,0.8240 / 0.0850 / 0.0910,328.07,0.0775 / 1.0150 / 1.5693,kdb
solvent_1 / solvent_18 / solvent_19,0.2700 / 0.1850 / 0.5450,334.51,0.2484 / 0.1789 / 0.3957,kdb
solvent_1 / solvent_18 / solvent_19,0.0800 / 0.1920 / 0.7280,329.33,1.9919 / 0.2249 / 0.0878,kdb
solvent_1 / solvent_18 / solvent_19,0.2090 / 0.1840 / 0.6070,327.39,1.2203 / 0.3626 / 0.1977,kdb
solvent_1 / solvent_18 / solvent_19,0.2850 / 0.1790 / 0.5360,326.93,0.9543 / 0.4354 / 0.2845,kdb
solvent_1 / solvent_18 / solvent_19,0.4330 / 0.1850 / 0.3820,326.39,0.5674 / 0.4852 / 0.5856,kdb
solvent_1 / solvent_18 / solvent_19,0.5430 / 0.1880 / 0.2690,326.17,0.3715 / 0.5446 / 0.8473,kdb
solvent_1 / solvent_18 / solvent_19,0.6500 / 0.1710 / 0.1790,326.03,0.2219 / 0.7487 / 1.0929,kdb
solvent_1 / solvent_18 / solvent_19,0.7570 / 0.1590 / 0.0840,326.38,0.1099 / 0.9291 / 1.4734,kdb
solvent_1 / solvent_18 / solvent_19,0.0280 / 0.2820 / 0.6900,332.61,2.5384 / 0.1584 / 0.0605,kdb
solvent_1 / solvent_18 / solvent_19,0.0760 / 0.2790 / 0.6450,327.94,2.0623 / 0.2350 / 0.0761,kdb
solvent_1 / solvent_18 / solvent_19,0.1070 / 0.2980 / 0.5950,327.77,1.7305 / 0.2165 / 0.1194,kdb
solvent_1 / solvent_18 / solvent_19,0.3530 / 0.2720 / 0.3750,325.72,0.6912 / 0.4329 / 0.5132,kdb
solvent_1 / solvent_18 / solvent_19,0.4530 / 0.2680 / 0.2790,325.52,0.5215 / 0.4583 / 0.6742,kdb
solvent_1 / solvent_18 / solvent_19,0.5560 / 0.2600 / 0.1840,325.34,0.3420 / 0.5749 / 0.9256,kdb
solvent_1 / solvent_18 / solvent_19,0.6510 / 0.2600 / 0.0890,325.25,0.1968 / 0.7181 / 1.2933,kdb
solvent_1 / solvent_18 / solvent_19,0.0310 / 0.3670 / 0.6020,331.77,2.4408 / 0.1270 / 0.0541,kdb
solvent_1 / solvent_18 / solvent_19,0.1350 / 0.3640 / 0.5010,327.09,1.4877 / 0.2080 / 0.1808,kdb
solvent_1 / solvent_18 / solvent_19,0.2510 / 0.3590 / 0.3900,325.73,1.0226 / 0.2610 / 0.3401,kdb
solvent_1 / solvent_18 / solvent_19,0.3560 / 0.3650 / 0.2790,325.11,0.7092 / 0.3289 / 0.5776,kdb
solvent_1 / solvent_18 / solvent_19,0.4650 / 0.3470 / 0.1880,324.23,0.4906 / 0.4905 / 0.8194,kdb
solvent_1 / solvent_18 / solvent_19,0.5610 / 0.3460 / 0.0930,324.58,0.2494 / 0.6542 / 1.0352,kdb
solvent_1 / solvent_18 / solvent_19,0.0430 / 0.4560 / 0.5010,329.3,2.2693 / 0.1293 / 0.0976,kdb
solvent_1 / solvent_18 / solvent_19,0.1250 / 0.4680 / 0.4070,326.42,1.5495 / 0.1414 / 0.2274,kdb
solvent_1 / solvent_18 / solvent_19,0.2640 / 0.4480 / 0.2880,325.16,0.9422 / 0.2345 / 0.4511,kdb
solvent_1 / solvent_18 / solvent_19,0.3630 / 0.4430 / 0.1940,324.6,0.6527 / 0.3390 / 0.6669,kdb
solvent_1 / solvent_18 / solvent_19,0.4660 / 0.4410 / 0.0930,324.21,0.4618 / 0.4318 / 0.9769,kdb
solvent_1 / solvent_18 / solvent_19,0.0430 / 0.5490 / 0.4080,329.12,2.1671 / 0.1223 / 0.0839,kdb
solvent_1 / solvent_18 / solvent_19,0.1410 / 0.5570 / 0.3020,325.78,1.4132 / 0.1225 / 0.3319,kdb
solvent_1 / solvent_18 / solvent_19,0.2590 / 0.5440 / 0.1970,324.74,0.9132 / 0.2164 / 0.5506,kdb
solvent_1 / solvent_18 / solvent_19,0.3670 / 0.5420 / 0.0910,324.19,0.6266 / 0.3046 / 0.9085,kdb
solvent_1 / solvent_18 / solvent_19,0.0500 / 0.6420 / 0.3080,328.35,2.0333 / 0.0603 / 0.2278,kdb
solvent_1 / solvent_18 / solvent_19,0.1480 / 0.6450 / 0.2070,325.34,1.3575 / 0.1027 / 0.4133,kdb
solvent_1 / solvent_18 / solvent_19,0.2660 / 0.6330 / 0.1010,324.55,0.8851 / 0.1848 / 0.6895,kdb
solvent_1 / solvent_18 / solvent_19,0.0600 / 0.7360 / 0.2040,327.41,1.9093 / 0.0370 / 0.3286,kdb
solvent_1 / solvent_18 / solvent_19,0.1630 / 0.7350 / 0.1020,325.16,1.2637 / 0.0783 / 0.5584,kdb
solvent_1 / solvent_18 / solvent_19,0.0650 / 0.8350 / 0.1000,327.17,1.8069 / 0.0199 / 0.4380,kdb
solvent_1 / solvent_18 / solvent_19,0.0270 / 0.9200 / 0.0530,328.82,2.0893 / 0.0407 / 0.5469,kdb
solvent_1 / solvent_18 / solvent_19,0.9150 / 0.0470 / 0.0380,330.79,0.0171 / 1.1617 / 1.9721,kdb
solvent_1 / solvent_18 / solvent_19,0.0020 / 0.0500 / 0.9480,344.02,4.0779 / 0.2505 / -0.0027,kdb
solvent_1 / solvent_18 / solvent_19,0.3180 / 0.3500 / 0.3320,325.61,0.8211 / 0.2468 / 0.5151,kdb
solvent_1 / solvent_18 / solvent_19,0.1640 / 0.3960 / 0.4400,326.25,1.3719 / 0.1857 / 0.2303,kdb
solvent_60 / solvent_13 / solvent_32,0.0937 / 0.1062 / 0.8001,313.15,1.4523 / 0.6315 / 0.0308,kdb
solvent_60 / solvent_13 / solvent_32,0.1654 / 0.0978 / 0.7368,313.15,1.2062 / 0.6969 / 0.0604,kdb
solvent_60 / solvent_13 / solvent_32,0.2473 / 0.0882 / 0.6645,313.15,0.9704 / 0.7915 / 0.1158,kdb
solvent_60 / solvent_13 / solvent_32,0.3325 / 0.0782 / 0.5893,313.15,0.7629 / 0.9199 / 0.1935,kdb
solvent_60 / solvent_13 / solvent_32,0.4126 / 0.0688 / 0.5186,313.15,0.5968 / 1.0730 / 0.2837,kdb
solvent_60 / solvent_13 / solvent_32,0.0839 / 0.1827 / 0.7334,313.15,1.5417 / 0.5466 / 0.0388,kdb
solvent_60 / solvent_13 / solvent_32,0.1633 / 0.1668 / 0.6699,313.15,1.2443 / 0.6283 / 0.0693,kdb
solvent_60 / solvent_13 / solvent_32,0.2511 / 0.1493 / 0.5996,313.15,0.9843 / 0.7257 / 0.1270,kdb
solvent_60 / solvent_13 / solvent_32,0.5013 / 0.0994 / 0.3993,313.15,0.4667 / 1.1451 / 0.4112,kdb
solvent_60 / solvent_13 / solvent_32,0.5804 / 0.0837 / 0.3359,313.15,0.3480 / 1.3440 / 0.5346,kdb
solvent_60 / solvent_13 / solvent_32,0.0842 / 0.2551 / 0.6607,313.15,1.6013 / 0.4668 / 0.0551,kdb
solvent_60 / solvent_13 / solvent_32,0.1671 / 0.2320 / 0.6009,313.15,1.2665 / 0.5635 / 0.0881,kdb
solvent_60 / solvent_13 / solvent_32,0.3280 / 0.1872 / 0.4848,313.15,0.8138 / 0.7653 / 0.2096,kdb
solvent_60 / solvent_13 / solvent_32,0.4152 / 0.1629 / 0.4219,313.15,0.6323 / 0.9016 / 0.3062,kdb
solvent_60 / solvent_13 / solvent_32,0.0849 / 0.3239 / 0.5912,313.15,1.6619 / 0.3920 / 0.0793,kdb
solvent_60 / solvent_13 / solvent_32,0.2493 / 0.2657 / 0.4850,313.15,1.0357 / 0.5961 / 0.1605,kdb
solvent_60 / solvent_13 / solvent_32,0.3323 / 0.2363 / 0.4314,313.15,0.8208 / 0.7117 / 0.2313,kdb
solvent_60 / solvent_13 / solvent_32,0.5018 / 0.1763 / 0.3219,313.15,0.4946 / 1.0035 / 0.4334,kdb
solvent_60 / solvent_13 / solvent_32,0.5870 / 0.1462 / 0.2668,313.15,0.3705 / 1.1968 / 0.5640,kdb
solvent_60 / solvent_13 / solvent_32,0.7479 / 0.0892 / 0.1629,313.15,0.1731 / 1.7319 / 0.8818,kdb
solvent_60 / solvent_13 / solvent_32,0.0844 / 0.3892 / 0.5264,313.15,1.7273 / 0.3238 / 0.1109,kdb
solvent_60 / solvent_13 / solvent_32,0.1604 / 0.3569 / 0.4827,313.15,1.3691 / 0.4220 / 0.1392,kdb
solvent_60 / solvent_13 / solvent_32,0.2483 / 0.3196 / 0.4321,313.15,1.0648 / 0.5338 / 0.1863,kdb
solvent_60 / solvent_13 / solvent_32,0.4119 / 0.2500 / 0.3381,313.15,0.6655 / 0.7839 / 0.3354,kdb
solvent_60 / solvent_13 / solvent_32,0.1714 / 0.1423 / 0.6863,313.15,1.2130 / 0.6649 / 0.0753,kdb
solvent_60 / solvent_13 / solvent_32,0.3330 / 0.3238 / 0.3432,313.15,0.8554 / 0.6083 / 0.2782,kdb
solvent_60 / solvent_13 / solvent_32,0.5022 / 0.2417 / 0.2561,313.15,0.5151 / 0.9103 / 0.4640,kdb
solvent_60 / solvent_13 / solvent_32,0.6677 / 0.1613 / 0.1710,313.15,0.2861 / 1.3200 / 0.7275,kdb
solvent_60 / solvent_13 / solvent_32,0.8337 / 0.0807 / 0.0856,313.15,0.0961 / 2.0413 / 1.1169,kdb
solvent_60 / solvent_13 / solvent_32,0.0846 / 0.5139 / 0.4015,313.15,1.8445 / 0.2124 / 0.1940,kdb
solvent_60 / solvent_13 / solvent_32,0.1666 / 0.4679 / 0.3655,313.15,1.4240 / 0.3131 / 0.2177,kdb
solvent_60 / solvent_13 / solvent_32,0.2515 / 0.4202 / 0.3283,313.15,1.1135 / 0.4265 / 0.2579,kdb
solvent_60 / solvent_13 / solvent_32,0.4185 / 0.3265 / 0.2550,313.15,0.6848 / 0.6973 / 0.3935,kdb
solvent_60 / solvent_13 / solvent_32,0.0970 / 0.5846 / 0.3184,313.15,1.8381 / 0.1721 / 0.2631,kdb
solvent_60 / solvent_13 / solvent_32,0.2495 / 0.4859 / 0.2646,313.15,1.1617 / 0.3619 / 0.3106,kdb
solvent_60 / solvent_13 / solvent_32,0.3314 / 0.4328 / 0.2358,313.15,0.9172 / 0.4872 / 0.3613,kdb
solvent_60 / solvent_13 / solvent_32,0.4335 / 0.3279 / 0.2386,313.15,0.6485 / 0.7029 / 0.4064,kdb
solvent_60 / solvent_13 / solvent_32,0.5885 / 0.2664 / 0.1451,313.15,0.4097 / 0.9987 / 0.6365,kdb
solvent_60 / solvent_13 / solvent_32,0.7463 / 0.1642 / 0.0895,313.15,0.2126 / 1.4826 / 0.9160,kdb
solvent_60 / solvent_13 / solvent_32,0.0850 / 0.6617 / 0.2533,313.15,1.9787 / 0.1210 / 0.3270,kdb
solvent_60 / solvent_13 / solvent_32,0.1701 / 0.6002 / 0.2297,313.15,1.5121 / 0.2139 / 0.3374,kdb
solvent_60 / solvent_13 / solvent_32,0.3326 / 0.4827 / 0.1847,313.15,0.9444 / 0.4419 / 0.4107,kdb
solvent_60 / solvent_13 / solvent_32,0.3972 / 0.4359 / 0.1669,313.15,0.7798 / 0.5531 / 0.4601,kdb
solvent_60 / solvent_13 / solvent_32,0.0848 / 0.7371 / 0.1781,313.15,2.0552 / 0.0931 / 0.4057,kdb
solvent_60 / solvent_13 / solvent_32,0.1655 / 0.6721 / 0.1624,313.15,1.5902 / 0.1732 / 0.4032,kdb
solvent_60 / solvent_13 / solvent_32,0.2481 / 0.6056 / 0.1463,313.15,1.2477 / 0.2731 / 0.4232,kdb
solvent_60 / solvent_13 / solvent_32,0.4991 / 0.4035 / 0.0974,313.15,0.5897 / 0.7065 / 0.6135,kdb
solvent_60 / solvent_13 / solvent_32,0.5784 / 0.3396 / 0.0820,313.15,0.4523 / 0.8833 / 0.7004,kdb
solvent_60 / solvent_13 / solvent_32,0.6636 / 0.2709 / 0.0655,313.15,0.3298 / 1.1091 / 0.8140,kdb
solvent_60 / solvent_13 / solvent_32,0.0796 / 0.8155 / 0.1049,313.15,2.1706 / 0.0653 / 0.4827,kdb
solvent_60 / solvent_13 / solvent_32,0.1669 / 0.7381 / 0.0950,313.15,1.6391 / 0.1480 / 0.4682,kdb
solvent_60 / solvent_13 / solvent_32,0.2522 / 0.6626 / 0.0852,313.15,1.2735 / 0.2490 / 0.4919,kdb
solvent_60 / solvent_13 / solvent_32,0.3337 / 0.5903 / 0.0760,313.15,1.0055 / 0.3670 / 0.5406,kdb
solvent_60 / solvent_13 / solvent_32,0.4165 / 0.5170 / 0.0665,313.15,0.7879 / 0.5068 / 0.6077,kdb
solvent_57 / solvent_13 / solvent_18,0.0080 / 0.8150 / 0.1770,331.79,0.4736 / 0.0666 / 1.2368,kdb
solvent_57 / solvent_13 / solvent_18,0.0110 / 0.7330 / 0.2560,331.25,0.3964 / 0.1303 / 1.0127,kdb
solvent_57 / solvent_13 / solvent_18,0.0160 / 0.6180 / 0.3660,331.05,0.2107 / 0.2518 / 0.7553,kdb
solvent_57 / solvent_13 / solvent_18,0.0280 / 0.9190 / 0.0530,333.97,0.7580 / 0.0098 / 1.5921,kdb
solvent_57 / solvent_13 / solvent_18,0.0360 / 0.8000 / 0.1640,331.66,0.5320 / 0.0685 / 1.2120,kdb
solvent_57 / solvent_13 / solvent_18,0.0440 / 0.4520 / 0.5040,331.18,0.0420 / 0.4932 / 0.4702,kdb
solvent_57 / solvent_13 / solvent_18,0.0530 / 0.8240 / 0.1230,331.9,0.6050 / 0.0482 / 1.2991,kdb
solvent_57 / solvent_13 / solvent_18,0.0530 / 0.7020 / 0.2450,331.03,0.3860 / 0.1447 / 0.9653,kdb
solvent_57 / solvent_13 / solvent_18,0.0620 / 0.5640 / 0.3740,330.92,0.1748 / 0.3068 / 0.6716,kdb
solvent_57 / solvent_13 / solvent_18,0.0640 / 0.8860 / 0.0500,333.12,0.7326 / 0.0164 / 1.5238,kdb
solvent_57 / solvent_13 / solvent_18,0.0650 / 0.5980 / 0.3370,330.89,0.2280 / 0.2597 / 0.7388,kdb
solvent_57 / solvent_13 / solvent_18,0.0660 / 0.4840 / 0.4500,331.02,0.0939 / 0.4297 / 0.5280,kdb
solvent_57 / solvent_13 / solvent_18,0.0660 / 0.1810 / 0.7530,332.73,-0.1638 / 1.236 / 0.128,kdb
solvent_57 / solvent_13 / solvent_18,0.0690 / 0.6320 / 0.2990,330.87,0.2716 / 0.2153 / 0.8165,kdb
solvent_57 / solvent_13 / solvent_18,0.0780 / 0.5810 / 0.3410,330.83,0.2209 / 0.2774 / 0.7111,kdb
solvent_57 / solvent_13 / solvent_18,0.0840 / 0.5370 / 0.3790,330.86,0.1683 / 0.3411 / 0.6225,kdb
solvent_57 / solvent_13 / solvent_18,0.0910 / 0.5840 / 0.3250,330.77,0.2359 / 0.2695 / 0.7210,kdb
solvent_57 / solvent_13 / solvent_18,0.1000 / 0.6710 / 0.2290,330.75,0.3730 / 0.1604 / 0.9219,kdb
solvent_57 / solvent_13 / solvent_18,0.1010 / 0.1760 / 0.7230,332.68,-0.1578 / 1.2443 / 0.1281,kdb
solvent_57 / solvent_13 / solvent_18,0.1100 / 0.5210 / 0.3690,330.77,0.1725 / 0.3575 / 0.5972,kdb
solvent_57 / solvent_13 / solvent_18,0.1210 / 0.5630 / 0.3160,330.64,0.2382 / 0.2888 / 0.6850,kdb
solvent_57 / solvent_13 / solvent_18,0.1360 / 0.6120 / 0.2520,330.47,0.3178 / 0.2212 / 0.7950,kdb
solvent_57 / solvent_13 / solvent_18,0.1420 / 0.6390 / 0.2190,330.44,0.3726 / 0.1827 / 0.8609,kdb
solvent_57 / solvent_13 / solvent_18,0.1480 / 0.2990 / 0.5530,331.36,-0.0471 / 0.8036 / 0.2733,kdb
solvent_57 / solvent_13 / solvent_18,0.1490 / 0.6700 / 0.1810,330.38,0.4296 / 0.1465 / 0.9446,kdb
solvent_57 / solvent_13 / solvent_18,0.1560 / 0.7010 / 0.1430,330.38,0.4950 / 0.1133 / 1.0261,kdb
solvent_57 / solvent_13 / solvent_18,0.1570 / 0.4940 / 0.3490,330.57,0.1708 / 0.3811 / 0.5677,kdb
solvent_57 / solvent_13 / solvent_18,0.1630 / 0.7340 / 0.1030,330.42,0.5694 / 0.0826 / 1.1174,kdb
solvent_57 / solvent_13 / solvent_18,0.1650 / 0.3430 / 0.4920,331.05,-0.0024 / 0.6848 / 0.3336,kdb
solvent_57 / solvent_13 / solvent_18,0.1720 / 0.7640 / 0.0640,330.55,0.6390 / 0.0554 / 1.2133,kdb
solvent_57 / solvent_13 / solvent_18,0.1730 / 0.5820 / 0.2450,330.28,0.3079 / 0.2437 / 0.7420,kdb
solvent_57 / solvent_13 / solvent_18,0.1770 / 0.7940 / 0.0290,330.72,0.7148 / 0.0295 / 1.3909,kdb
solvent_57 / solvent_13 / solvent_18,0.1980 / 0.4660 / 0.3360,330.4,0.1592 / 0.4166 / 0.5251,kdb
solvent_57 / solvent_13 / solvent_18,0.2020 / 0.0870 / 0.7110,335.08,-0.1613 / 1.6419 / 0.0578,kdb
solvent_57 / solvent_13 / solvent_18,0.2120 / 0.3050 / 0.4830,331.04,-0.0058 / 0.7616 / 0.2862,kdb
solvent_57 / solvent_13 / solvent_18,0.2190 / 0.5760 / 0.2050,329.9,0.3373 / 0.2366 / 0.7407,kdb
solvent_57 / solvent_13 / solvent_18,0.2370 / 0.6090 / 0.1540,329.64,0.4154 / 0.1861 / 0.8093,kdb
solvent_57 / solvent_13 / solvent_18,0.2400 / 0.6910 / 0.0690,329.53,0.5635 / 0.0922 / 1.0485,kdb
solvent_57 / solvent_13 / solvent_18,0.2510 / 0.4490 / 0.3000,330.11,0.1901 / 0.4172 / 0.5029,kdb
solvent_57 / solvent_13 / solvent_18,0.2590 / 0.5460 / 0.1950,329.62,0.3274 / 0.2616 / 0.6825,kdb
solvent_57 / solvent_13 / solvent_18,0.2620 / 0.0680 / 0.6700,335.42,-0.1392 / 1.7899 / 0.0355,kdb
solvent_57 / solvent_13 / solvent_18,0.2800 / 0.5750 / 0.1450,329.3,0.4034 / 0.2134 / 0.7084,kdb
solvent_57 / solvent_13 / solvent_18,0.2830 / 0.3730 / 0.3440,330.15,0.1197 / 0.5604 / 0.3904,kdb
solvent_57 / solvent_13 / solvent_18,0.3020 / 0.1360 / 0.5620,332.48,-0.1007 / 1.3552 / 0.093,kdb
solvent_57 / solvent_13 / solvent_18,0.3180 / 0.5470 / 0.1350,328.99,0.3693 / 0.2381 / 0.6958,kdb
solvent_57 / solvent_13 / solvent_18,0.3250 / 0.4310 / 0.2440,329.49,0.2140 / 0.4245 / 0.4800,kdb
solvent_57 / solvent_13 / solvent_18,0.3440 / 0.1710 / 0.4850,331.57,-0.058 / 1.1703 / 0.1235,kdb
solvent_57 / solvent_13 / solvent_18,0.3450 / 0.3890 / 0.2660,329.63,0.1694 / 0.4977 / 0.4108,kdb
solvent_57 / solvent_13 / solvent_18,0.3590 / 0.4700 / 0.1710,328.94,0.2849 / 0.3416 / 0.5413,kdb
solvent_57 / solvent_13 / solvent_18,0.3700 / 0.4810 / 0.1490,328.68,0.3188 / 0.3163 / 0.5484,kdb
solvent_57 / solvent_13 / solvent_18,0.3810 / 0.0920 / 0.5270,333.35,-0.0975 / 1.5762 / 0.0423,kdb
solvent_57 / solvent_13 / solvent_18,0.3970 / 0.5070 / 0.0960,328.16,0.3703 / 0.2612 / 0.6234,kdb
solvent_57 / solvent_13 / solvent_18,0.4100 / 0.3820 / 0.2080,329.02,0.1975 / 0.4948 / 0.3653,kdb
solvent_57 / solvent_13 / solvent_18,0.4140 / 0.0980 / 0.4880,332.68,-0.0711 / 1.5213 / 0.055,kdb
solvent_57 / solvent_13 / solvent_18,0.4150 / 0.2230 / 0.3620,330.34,0.0128 / 0.9414 / 0.1713,kdb
solvent_57 / solvent_13 / solvent_18,0.4430 / 0.1150 / 0.4420,331.93,-0.0537 / 1.4081 / 0.0629,kdb
solvent_57 / solvent_13 / solvent_18,0.4530 / 0.4890 / 0.0580,327.6,0.3501 / 0.2937 / 0.5653,kdb
solvent_57 / solvent_13 / solvent_18,0.4720 / 0.3570 / 0.1710,328.56,0.1899 / 0.5259 / 0.3320,kdb
solvent_57 / solvent_13 / solvent_18,0.4820 / 0.2790 / 0.2390,329.19,0.1025 / 0.7268 / 0.2202,kdb
solvent_57 / solvent_13 / solvent_18,0.5030 / 0.1440 / 0.3530,330.71,-0.0137 / 1.2279 / 0.0833,kdb
solvent_57 / solvent_13 / solvent_18,0.5100 / 0.4370 / 0.0530,327.32,0.3240 / 0.3293 / 0.4599,kdb
solvent_57 / solvent_13 / solvent_18,0.5390 / 0.2670 / 0.1940,328.74,0.1099 / 0.7421 / 0.1799,kdb
solvent_57 / solvent_13 / solvent_18,0.5500 / 0.0700 / 0.3800,332.85,-0.0525 / 1.6566 / -0.0079,kdb
solvent_57 / solvent_13 / solvent_18,0.5900 / 0.3000 / 0.1100,327.82,0.1681 / 0.6197 / 0.1813,kdb
solvent_57 / solvent_13 / solvent_18,0.6080 / 0.1880 / 0.2040,328.97,0.0539 / 0.9951 / 0.0709,kdb
solvent_57 / solvent_13 / solvent_18,0.6470 / 0.0690 / 0.2840,331.86,-0.0247 / 1.6143 / -0.0411,kdb
solvent_57 / solvent_13 / solvent_18,0.6930 / 0.2190 / 0.0880,327.73,0.0976 / 0.8399 / 0.0460,kdb
solvent_57 / solvent_13 / solvent_18,0.6950 / 0.0790 / 0.2260,330.79,-0.0109 / 1.5301 / -0.0472,kdb
solvent_57 / solvent_13 / solvent_18,0.7290 / 0.0430 / 0.2280,332.64,-0.0166 / 1.781 / -0.1222,kdb
solvent_57 / solvent_13 / solvent_18,0.8290 / 0.0550 / 0.1160,330.41,-0.0032 / 1.6638 / -0.1629,kdb
